"Group","Mean","SD","SE","Sample"
"control",5.875304011,2.40281065645811,0.114419555069434,21
"treatment 0.3 ug/L",5.7461799375,1.95365595800378,0.122103497375236,16
"treatment 3 ug/L",4.64900542105263,1.60225327187504,0.0843291195723703,19
