"Group","Mean","SD","SE","Sample"
"0.1 PPM",4.24826653122222,0.621286367193268,0.207095455731089,9
"1 PPM",4.57174484563636,0.989263847000731,0.298274272651362,11
"control",4.0681887367,1.13731142941085,0.359649452588008,10
