"Group","Mean","SD","SE","Sample"
"control",550.3846154,90.9088724027444,18.1817744805489,5
"treatment ",825.824175831429,991.348085730694,141.621155104385,7
